ID,Name,disableParam_NT,disableParamReserve1,disableParamReserve2,refId,sfxVariationId,weight,behaviorId,basicPrice,sellValue,sortId,qwcId,equipModelId,iconId,shopLv,trophySGradeId,trophySeqId,equipModelCategory,equipModelGender,accessoryCategory,refCategory,spEffectCategory,sortGroupId,vagrantItemLotId,vagrantBonusEneDropItemLotId,vagrantItemEneDropItemLotId,isDeposit,isEquipOutBrake,disableMultiDropShare,isDiscard,isDrop,showLogCondType,showDialogCondType,rarity,pad2,saleValue,accessoryGroup,pad3,compTrophySedId,residentSpEffectId1,residentSpEffectId2,residentSpEffectId3,residentSpEffectId4,pad1,Caption
1000,红琥珀链坠,0,0,[0|0|0],310000,-1,0.3,0,0,100,400000,0,0,18000,-1,-1,-1,0,0,0,2,0,10,-1,-1,-1,1,0,0,1,1,1,2,2,[0|0],0,1000,0,-1,0,0,0,0,[0|0|0|0],镶有红色琥珀的链坠。\n能提升血量的上限。\n\n琥珀为黄金树的古老露滴，\n在“初始艾尔登之王”葛孚雷的时代\n被视为特殊的宝石。\n\n生命的原始力量蕴藏其中。
1001,红琥珀链坠＋１,1,0,[0|0|0],310010,-1,0.3,0,0,500,400010,0,0,18001,-1,-1,-1,0,0,0,2,0,10,-1,-1,-1,1,0,0,1,1,1,2,2,[0|0],0,1000,0,-1,0,0,0,0,[0|0|0|0],镶有红色琥珀的链坠。\n能大幅提升血量的上限。\n\n琥珀为黄金树的古老露滴，\n在“初始艾尔登之王”葛孚雷的时代\n被视为特殊的宝石。\n\n生命的原始力量蕴藏其中。
1002,红琥珀链坠＋２,1,0,[0|0|0],310020,-1,0.3,0,0,1000,400020,0,0,18002,-1,-1,-1,0,0,0,2,0,10,-1,-1,-1,1,0,0,1,1,1,2,2,[0|0],0,1000,0,-1,0,0,0,0,[0|0|0|0],镶有红色琥珀的链坠。\n能更大幅提升血量的上限。\n\n琥珀为黄金树的古老露滴，\n在“初始艾尔登之王”葛孚雷的时代\n被视为特殊的宝石。\n\n生命的原始力量蕴藏其中。
1010,蓝琥珀链坠,1,0,[0|0|0],310100,-1,0.3,0,0,100,400050,0,0,18010,-1,-1,-1,0,0,0,2,0,10,-1,-1,-1,1,0,0,1,1,1,2,2,[0|0],0,1010,0,-1,0,0,0,0,[0|0|0|0],镶有蓝色琥珀的链坠。\n能提升专注值的上限。\n\n琥珀为黄金树的古老露滴，\n在“初始艾尔登之王”葛孚雷的时代\n被视为特殊的宝石。\n\n生命的原始力量蕴藏其中。
1011,蓝琥珀链坠＋１,1,0,[0|0|0],310110,-1,0.3,0,0,500,400060,0,0,18011,-1,-1,-1,0,0,0,2,0,10,-1,-1,-1,1,0,0,1,1,1,2,2,[0|0],0,1010,0,-1,0,0,0,0,[0|0|0|0],镶有蓝色琥珀的链坠。\n能大幅提升专注值的上限。\n\n琥珀为黄金树的古老露滴，\n在“初始艾尔登之王”葛孚雷的时代\n被视为特殊的宝石。\n\n生命的原始力量蕴藏其中。
1012,蓝琥珀链坠＋２,1,0,[0|0|0],310120,-1,0.3,0,0,1000,400070,0,0,18012,-1,-1,-1,0,0,0,2,0,10,-1,-1,-1,1,0,0,1,1,1,2,2,[0|0],0,1010,0,-1,0,0,0,0,[0|0|0|0],镶有蓝色琥珀的链坠。\n能更大幅提升专注值的上限。\n\n琥珀为黄金树的古老露滴，\n在“初始艾尔登之王”葛孚雷的时代\n被视为特殊的宝石。\n\n生命的原始力量蕴藏其中。
1020,绿琥珀链坠,0,0,[0|0|0],310200,-1,0.3,0,0,100,400090,0,0,18020,-1,-1,-1,0,0,0,2,0,10,-1,-1,-1,1,0,0,1,1,1,2,2,[0|0],0,1020,0,-1,0,0,0,0,[0|0|0|0],镶有绿色琥珀的链坠。\n能提升精力的上限。\n\n琥珀为黄金树的古老露滴，\n在“初始艾尔登之王”葛孚雷的时代\n被视为特殊的宝石。\n\n生命的原始力量蕴藏其中。
1021,绿琥珀链坠＋１,1,0,[0|0|0],310210,-1,0.3,0,0,500,400100,0,0,18021,-1,-1,-1,0,0,0,2,0,10,-1,-1,-1,1,0,0,1,1,1,2,2,[0|0],0,1020,0,-1,0,0,0,0,[0|0|0|0],镶有绿色琥珀的链坠。\n能大幅提升精力的上限。\n\n琥珀为黄金树的古老露滴，\n在“初始艾尔登之王”葛孚雷的时代\n被视为特殊的宝石。\n\n生命的原始力量蕴藏其中。
1022,绿琥珀链坠＋２,1,0,[0|0|0],310220,-1,0.3,0,0,1000,400110,0,0,18022,-1,-1,-1,0,0,0,2,0,10,-1,-1,-1,1,0,0,1,1,1,2,2,[0|0],0,1020,0,-1,0,0,0,0,[0|0|0|0],镶有绿色琥珀的链坠。\n能更大幅提升精力的上限。\n\n琥珀为黄金树的古老露滴，\n在“初始艾尔登之王”葛孚雷的时代\n被视为特殊的宝石。\n\n生命的原始力量蕴藏其中。
1030,众武护符,0,0,[0|0|0],310300,-1,1.5,0,0,100,400130,0,0,18030,-1,-1,-1,0,0,0,2,0,10,-1,-1,-1,1,0,0,1,1,1,2,2,[0|0],0,1030,0,-1,0,0,0,0,[0|0|0|0],众多武器聚集成块的铁制护符。\n能提升装备重量的上限。\n\n从复仇英雄的知名武器──\n异形大剑发想、制成的护符。
1031,众武护符＋１,1,0,[0|0|0],310310,-1,1.5,0,0,500,400140,0,0,18031,-1,-1,-1,0,0,0,2,0,10,-1,-1,-1,1,0,0,1,1,1,2,2,[0|0],0,1030,0,-1,0,0,0,0,[0|0|0|0],众多武器聚集成块的铁制护符。\n能大幅提升装备重量的上限。\n\n从复仇英雄的知名武器──\n异形大剑发想、制成的护符。
1032,大壶众武护符,1,0,[0|0|0],310320,-1,1.5,0,0,1000,400150,0,0,18032,-1,-1,-1,0,0,0,2,0,10,-1,-1,-1,1,0,0,1,1,1,2,2,[0|0],0,1030,0,-1,0,0,0,0,[0|0|0|0],众多武器涌出大壶的护符。\n能更大幅提升装备重量的上限。\n\n大壶将此护符赠予自己的战士们。\n\n　拿多一些，好好长大喔。
1040,黄金树的恩惠,1,0,[0|0|0],310400,-1,1.5,0,0,500,400160,0,0,18040,-1,-1,-1,0,0,0,2,0,10,-1,-1,-1,1,0,0,1,1,1,2,2,[0|0],0,1040,0,-1,0,0,0,0,[0|0|0|0],黄金树特殊恩惠的象征。\n能些微提升血量、精力，以及装备重量的上限。\n\n据说在黄金树时代之始，\n玛莉卡女王亲自赐予此护符。
1041,黄金树的恩惠＋１,1,0,[0|0|0],310410,-1,1.5,0,0,1500,400170,0,0,18041,-1,-1,-1,0,0,0,2,0,10,-1,-1,-1,1,0,0,1,1,1,2,2,[0|0],0,1040,0,-1,0,0,0,0,[0|0|0|0],黄金树特殊恩惠的象征。\n能提升血量、精力，以及装备重量的上限。\n\n据说在黄金树时代之始，\n玛莉卡女王亲自赐予此护符。
1042,黄金树的恩惠＋２,1,0,[0|0|0],310420,-1,1.5,0,0,3000,400180,0,0,18042,-1,-1,-1,0,0,0,2,0,10,-1,-1,-1,1,0,0,1,1,1,2,3,[0|0],0,1040,0,17,0,0,0,0,[0|0|0|0],黄金树特殊恩惠的象征。\n“传说中的护符”之一。\n\n能大幅提升血量、精力，以及装备重量的上限。\n\n据说在黄金树时代之始，\n玛莉卡女王亲自赐予此护符。
1050,拉达冈的烙印,1,0,[0|0|0],310500,-1,0.8,0,0,3000,400190,0,0,18050,-1,-1,-1,0,0,0,2,0,10,-1,-1,-1,1,0,0,1,1,1,2,2,[0|0],0,1050,0,-1,0,0,0,0,[0|0|0|0],受艾尔登卢恩雕琢的眼珠。\n据说是王夫拉达冈的烙印。\n\n能提升生命力、耐力、力气、灵巧，\n但增加受到的损伤。\n\n烙印是被神祇找上的人物\n受赐生涯使命的证明。
1051,拉达冈的糜烂烙印,1,0,[0|0|0],310510,-1,0.8,0,0,3000,400200,0,0,18051,-1,-1,-1,0,0,0,2,0,10,-1,-1,-1,1,0,0,1,1,1,2,3,[0|0],0,1050,0,17,0,0,0,0,[0|0|0|0],受艾尔登卢恩雕琢的眼珠。\n“传说中的护符”之一。\n据说是王夫拉达冈的烙印。\n\n能大幅提升生命力、耐力、力气、灵巧，\n但大幅增加受到的损伤。\n\n沉重的使命会侵蚀肩负者，\n犹如无法逃离的诅咒。
1060,碎星的传说,1,0,[0|0|0],310600,-1,0.8,0,0,1000,400230,0,0,18070,-1,-1,-1,0,0,0,2,0,10,-1,-1,-1,1,0,0,1,1,1,2,2,[0|0],0,1060,0,-1,0,0,0,0,[0|0|0|0],雕制关于英雄传说的护符。\n能提升力气。\n\n被誉为最强半神的英雄，\n独自挑战、粉碎坠落的星星。\n据说从那之后，星星的命运就受到封印。
1070,义手剑士的传说,1,0,[0|0|0],310700,-1,0.8,0,0,1000,400240,0,0,18080,-1,-1,-1,0,0,0,2,0,10,-1,-1,-1,1,0,0,1,1,1,2,2,[0|0],0,1070,0,-1,0,0,0,0,[0|0|0|0],雕制关于英雄传说的护符。\n能提升灵巧。\n\n生来就受到宿疾侵蚀的少女，\n邂逅了老师，以及他的流水剑。\n据说她因此获得了无敌的飞翼。
1080,观星少女的传说,1,0,[0|0|0],310800,-1,0.6,0,0,1000,400250,0,0,18090,-1,-1,-1,0,0,0,2,0,10,-1,-1,-1,1,0,0,1,1,1,2,2,[0|0],0,1080,0,-1,0,0,0,0,[0|0|0|0],雕制关于女王传说的护符。\n能提升智力。\n\n观星少女仰望夜空步行，\n度过一段不停追赶星星的旅行。\n随后她遇见了满月，成为女王。
1090,双指的传说,1,0,[0|0|0],310900,-1,0.6,0,0,1000,400260,0,0,18100,-1,-1,-1,0,0,0,2,0,10,-1,-1,-1,1,0,0,1,1,1,2,2,[0|0],0,1090,0,-1,0,0,0,0,[0|0|0|0],雕制关于双指传说的护符。\n能提升信仰。\n\n指头无法发声，却能言善道；\n指头固执蠕动，空中布满奥秘──\n随后我们得到了话语，那信仰的话语。
1100,银色粪金龟,1,0,[0|0|0],311000,-1,1.2,0,0,500,406150,0,0,18110,-1,-1,-1,0,0,0,2,0,70,-1,-1,-1,1,0,0,1,1,1,2,2,[0|0],0,1100,0,-1,0,0,0,0,[0|0|0|0],各种宝藏、贵重物品的搬运工──\n以粪金龟的形象制成的护符。\n\n银色的护符能提升观察力。
1110,金色粪金龟,1,0,[0|0|0],311100,-1,1.2,0,0,500,406140,0,0,18120,-1,-1,-1,0,0,0,2,0,70,-1,-1,-1,1,0,0,1,1,1,2,2,[0|0],0,1110,0,-1,0,0,0,0,[0|0|0|0],各种宝藏、贵重物品的搬运工──\n以粪金龟的形象制成的护符。\n\n金色的护符在打倒敌人时，\n能增加获得的卢恩。
1140,诺克史黛拉之月,1,0,[0|0|0],311400,-1,0.8,0,0,2000,403050,0,0,18150,-1,-1,-1,0,0,0,2,0,40,-1,-1,-1,1,0,0,1,1,1,2,3,[0|0],0,1140,0,17,0,0,0,0,[0|0|0|0],“永恒之城”诺克史黛拉的秘密宝藏。\n“传说中的护符”之一。\n\n能增加记忆空格。\n\n此为参考他们失去的黑色月亮制成。\n无数的星星跟随着诺克史黛拉的月亮。
1150,绿龟护符,1,0,[0|0|0],311500,-1,0.7,0,0,500,400120,0,0,18160,-1,-1,-1,0,0,0,2,0,10,-1,-1,-1,1,0,0,1,1,1,2,2,[0|0],0,1150,0,-1,0,0,0,0,[0|0|0|0],参考绿乌龟的模样制成的护符。\n能提升精力的恢复速度。\n\n乌龟是著名的营养食材，为精力无穷的象征。\n\n据说称呼乌龟为睿智兽物的人们，\n认为那是野蛮的习俗。
1160,健壮角饰品,1,0,[0|0|0],311600,-1,0.6,0,0,500,401210,0,0,18170,-1,-1,-1,0,0,0,2,0,20,-1,-1,-1,1,0,0,1,1,1,2,2,[0|0],0,1160,0,-1,0,0,0,0,[0|0|0|0],祖灵之民的装饰品。\n能提升健壮度。\n（健壮度是对出血、冻伤的抵抗力。）\n\n据说此为即将萌发的角。\n长命野兽的角会长出新芽，\n在不停萌发新芽之后，野兽会成为祖灵。
1161,健壮角饰品＋１,1,0,[0|0|0],311610,-1,0.6,0,0,1000,401220,0,0,18171,-1,-1,-1,0,0,0,2,0,20,-1,-1,-1,1,0,0,1,1,1,2,2,[0|0],0,1160,0,-1,0,0,0,0,[0|0|0|0],祖灵之民的装饰品。\n能大幅提升健壮度。\n（健壮度是对出血、冻伤的抵抗力。）\n\n据说此为即将萌发的角。\n长命野兽的角会长出新芽，\n在不停萌发新芽之后，野兽会成为祖灵。
1170,免疫角饰品,1,0,[0|0|0],311700,-1,0.6,0,0,500,401190,0,0,18180,-1,-1,-1,0,0,0,2,0,20,-1,-1,-1,1,0,0,1,1,1,2,2,[0|0],0,1170,0,-1,0,0,0,0,[0|0|0|0],祖灵之民的装饰品。\n能提升免疫力。\n（免疫力是对中毒、腐败的抵抗力。）\n\n据说此为即将萌发的角。\n长命野兽的角会长出新芽，\n在不停萌发新芽之后，野兽会成为祖灵。
1171,免疫角饰品＋１,1,0,[0|0|0],311710,-1,0.6,0,0,1000,401200,0,0,18181,-1,-1,-1,0,0,0,2,0,20,-1,-1,-1,1,0,0,1,1,1,2,2,[0|0],0,1170,0,-1,0,0,0,0,[0|0|0|0],祖灵之民的装饰品。\n能大幅提升免疫力。\n（免疫力是对中毒、腐败的抵抗力。）\n\n据说此为即将萌发的角。\n长命野兽的角会长出新芽，\n在不停萌发新芽之后，野兽会成为祖灵。
1180,理智角饰品,1,0,[0|0|0],311800,-1,0.6,0,0,500,401230,0,0,18190,-1,-1,-1,0,0,0,2,0,20,-1,-1,-1,1,0,0,1,1,1,2,2,[0|0],0,1180,0,-1,0,0,0,0,[0|0|0|0],祖灵之民的装饰品。\n能提升理智度。\n（理智度是对催眠、发狂的抵抗力。）\n\n据说此为即将萌发的角。\n长命野兽的角会长出新芽，\n在不停萌发新芽之后，野兽会成为祖灵。
1181,理智角饰品＋１,1,0,[0|0|0],311810,-1,0.6,0,0,1000,401240,0,0,18191,-1,-1,-1,0,0,0,2,0,20,-1,-1,-1,1,0,0,1,1,1,2,2,[0|0],0,1180,0,-1,0,0,0,0,[0|0|0|0],祖灵之民的装饰品。\n能大幅提升理智度。\n（理智度是对催眠、发狂的抵抗力。）\n\n据说此为即将萌发的角。\n长命野兽的角会长出新芽，\n在不停萌发新芽之后，野兽会成为祖灵。
1190,死王子的脓疮,1,0,[0|0|0],311900,-1,0.6,0,0,500,401270,0,0,3220,-1,-1,-1,0,0,0,2,0,20,-1,-1,-1,1,0,0,1,1,1,2,2,[0|0],0,1190,0,-1,0,0,0,0,[0|0|0|0],腥臭化脓的人面脓疮。\n能提升抗死度。\n\n据说那是死王子的脸──\n过去他被称作葛德文，是半神之中的初始死者，\n后来被埋葬在王城地底深处，那黄金树的根部。
1191,死王子的恶性脓疮,1,0,[0|0|0],311910,-1,0.6,0,0,1000,401280,0,0,18201,-1,-1,-1,0,0,0,2,0,20,-1,-1,-1,1,0,0,1,1,1,2,2,[0|0],0,1190,0,-1,0,0,0,0,[0|0|0|0],腥臭化脓的恶性人面脓疮。\n能大幅提升抗死度。\n\n据说那是死王子的脸──\n半神之中的初始死者、黄金之子，\n那心有罣碍，受尽玷污的遗容。
1200,斑斓项链,1,0,[0|0|0],312000,-1,0.9,0,0,1000,401250,0,0,18210,-1,-1,-1,0,0,0,2,0,20,-1,-1,-1,1,0,0,1,1,1,2,2,[0|0],0,1200,0,-1,0,0,0,0,[0|0|0|0],祖灵之民的装饰品。\n其中以多种色彩点缀的贵重物品。\n\n能提升免疫力、健壮度、理智度。\n\n据说此为即将萌发的角。\n长命野兽的角会长出新芽，\n在不停萌发新芽之后，野兽会成为祖灵。
1201,斑斓项链＋１,1,0,[0|0|0],312010,-1,0.9,0,0,2000,401260,0,0,18211,-1,-1,-1,0,0,0,2,0,20,-1,-1,-1,1,0,0,1,1,1,2,2,[0|0],0,1200,0,-1,0,0,0,0,[0|0|0|0],祖灵之民的装饰品。\n其中以多种色彩点缀的贵重物品。\n\n能大幅提升免疫力、健壮度、理智度。\n\n据说此为即将萌发的角。\n长命野兽的角会长出新芽，\n在不停萌发新芽之后，野兽会成为祖灵。
1210,大山羊护符,1,0,[0|0|0],312100,-1,0.5,0,0,1000,405000,0,0,18220,-1,-1,-1,0,0,0,2,0,60,-1,-1,-1,1,0,0,1,1,1,2,2,[0|0],0,1210,0,-1,0,0,0,0,[0|0|0|0],参考大山羊的角制成的护符。\n能提升强韧度。\n\n大山羊因为某位骑士而闻名──\n粗壮、强大、绝不畏缩的忒拉格斯。\n据说他是战斗者的沉默战友。
1220,玛莉卡的烙印,1,0,[0|0|0],312200,-1,0.8,0,0,3000,400210,0,0,18060,-1,-1,-1,0,0,0,2,0,10,-1,-1,-1,1,0,0,1,1,1,2,2,[0|0],0,1220,0,-1,0,0,0,0,[0|0|0|0],受艾尔登卢恩雕琢的眼珠。\n据说是玛莉卡女王的烙印。\n\n能提升集中力、智力、信仰、感应，\n但增加受到的损伤。\n\n烙印是被神祇找上的人物\n受赐生涯使命的证明。
1221,玛莉卡的糜烂烙印,1,0,[0|0|0],312210,-1,0.8,0,0,3000,400220,0,0,18061,-1,-1,-1,0,0,0,2,0,10,-1,-1,-1,1,0,0,1,1,1,2,3,[0|0],0,1220,0,17,0,0,0,0,[0|0|0|0],受艾尔登卢恩雕琢的眼珠。\n“传说中的护符”之一。\n据说是玛莉卡女王的烙印。\n\n能大幅提升集中力、智力、信仰、感应，\n但大幅增加受到的损伤。\n\n沉重的使命会侵蚀肩负者，\n犹如无法逃离的诅咒。
1230,战士壶碎片,1,0,[0|0|0],312300,-1,0.9,0,0,500,404040,0,0,18870,-1,-1,-1,0,0,0,2,0,50,-1,-1,-1,1,0,0,1,1,1,2,2,[0|0],0,1230,0,-1,0,0,0,0,[0|0|0|0],破裂死亡的战士壶碎片。\n\n能提升战技的攻击力。\n\n碎片上紧粘着软化的尸块，\n其中还能看到饰品的残骸。\n有可能是从前王室战士的遗物。
1231,亚历山大的碎片,1,0,[0|0|0],312310,-1,0.9,0,0,1000,404050,0,0,18871,-1,-1,-1,0,0,0,2,0,50,-1,-1,-1,1,0,0,1,1,1,2,2,[0|0],0,1230,0,-1,0,0,0,0,[0|0|0|0],破裂死亡的“战士壶”亚历山大的碎片。\n\n能大幅提升战技的攻击力。\n\n碎片上紧粘着软化的尸块，\n其中还能看到饰品的残骸。\n好像是红发英雄的遗物。
1250,米莉森的义手,1,0,[0|0|0],312500,-1,1.6,0,0,1000,406080,0,0,18890,-1,-1,-1,0,0,0,2,0,70,-1,-1,-1,1,0,0,1,1,1,2,2,[0|0],0,1250,0,-1,312501,312502,312503,312504,[0|0|0|0],米莉森使用的黄金义手的一部分。\n手掌动作固定在高举剑的姿势。\n\n能提升灵巧、\n攻击越是连续，越能提升攻击力。\n\n透过美妙背叛所产生的绝望，\n身为花蕾的她绽放成娇艳的花朵。\n总有一天，她将会重生──\n化为猩红女武神。
2000,魔力对蝎,1,0,[0|0|0],320000,-1,0.8,0,0,500,405020,0,0,18230,-1,-1,-1,0,0,0,2,0,60,-1,-1,-1,1,0,0,1,1,1,2,2,[0|0],0,2000,0,-1,0,0,0,0,[0|0|0|0],采取奇特手段偷袭的刺客们拥有的护符。\n参考刚蜕皮的蝎子制成，\n蝎螯夹着魔力色的心脏。\n\n能提升魔力属性攻击力，但降低减伤率。
2010,雷对蝎,1,0,[0|0|0],320100,-1,0.8,0,0,500,405040,0,0,18240,-1,-1,-1,0,0,0,2,0,60,-1,-1,-1,1,0,0,1,1,1,2,2,[0|0],0,2010,0,-1,0,0,0,0,[0|0|0|0],采取奇特手段偷袭的刺客们拥有的护符。\n参考刚蜕皮的蝎子制成，\n蝎螯夹着雷色的心脏。\n\n能提升雷属性攻击力，但降低减伤率。
2020,火对蝎,1,0,[0|0|0],320200,-1,0.8,0,0,500,405030,0,0,18250,-1,-1,-1,0,0,0,2,0,60,-1,-1,-1,1,0,0,1,1,1,2,2,[0|0],0,2020,0,-1,0,0,0,0,[0|0|0|0],采取奇特手段偷袭的刺客们拥有的护符。\n参考刚蜕皮的蝎子制成，\n蝎螯夹着火色的心脏。\n\n能提升火属性攻击力，但降低减伤率。
2030,圣对蝎,1,0,[0|0|0],320300,-1,0.8,0,0,500,405050,0,0,18260,-1,-1,-1,0,0,0,2,0,60,-1,-1,-1,1,0,0,1,1,1,2,2,[0|0],0,2030,0,-1,0,0,0,0,[0|0|0|0],采取奇特手段偷袭的刺客们拥有的护符。\n参考刚蜕皮的蝎子制成，\n蝎螯夹着圣色的心脏。\n\n能提升圣属性攻击力，但降低减伤率。
2040,红羽七刃剑,1,0,[0|0|0],320400,-1,1.4,0,0,500,406000,0,0,18270,-1,-1,-1,0,0,0,2,0,70,-1,-1,-1,1,0,0,1,1,1,2,2,[0|0],0,2040,0,-1,0,0,0,0,[0|0|0|0],源自古代死亡仪式的护符。\n红色羽毛的护符，在血量偏低时，\n能提升攻击力。\n\n与死亡比邻时，情绪会为之高昂──\n那拚命求生的模样，\n会让随后到来的死亡更加耀眼。
2050,献斗剑护符,1,0,[0|0|0],320500,-1,0.9,0,0,500,406020,0,0,18280,-1,-1,-1,0,0,0,2,0,70,-1,-1,-1,1,0,0,1,1,1,2,2,[0|0],0,2050,0,-1,0,0,0,0,[0|0|0|0],过去献给黄金树的战斗仪式──\n参考用于仪式中的剑制成的护符。\n\n血量全满时，能提升攻击力。\n\n战斗仪式在王夫拉达冈的时代受到废除，\n散布各处的竞技场是遗留下来的产物。
2060,矛护符,1,0,[0|0|0],320600,-1,0.5,0,0,500,402050,0,0,18290,-1,-1,-1,0,0,0,2,0,30,-1,-1,-1,1,0,0,1,1,1,2,2,[0|0],0,2060,0,-1,0,0,0,0,[0|0|0|0],以矛与士兵的形象制成的护符。\n能强化突刺攻击特有的反击攻击。\n\n在交界地之中，常见士兵用矛。\n遇上强敌时，有时能给予有效反击。
2070,大槌护符,1,0,[0|0|0],320700,-1,0.9,0,0,500,402040,0,0,18300,-1,-1,-1,0,0,0,2,0,30,-1,-1,-1,1,0,0,1,1,1,2,2,[0|0],0,2070,0,-1,0,0,0,0,[0|0|0|0],以大槌与骑士的形象制成的护符。\n当敌人防御，攻击时能增加对方消耗的精力。\n\n槌在对上持盾敌人时相当有效，\n为狩猎骑士时的知名武器。
2080,带翼剑徽章,1,0,[0|0|0],320800,-1,1.4,0,0,500,406060,0,0,18310,-1,-1,-1,0,0,0,2,0,70,-1,-1,-1,1,0,0,1,1,1,2,2,[0|0],0,2080,0,-1,320801,320802,320803,0,[0|0|0|0],参考高举的义手刀制成的护符。\n与残身玛莲妮亚并肩作战的\n骑士们拥有的徽章。\n\n攻击越是连续，越能提升攻击力。\n\n飞翼象征着玛莲妮亚，以及战无不胜。\n生来的宿疾让她不知何谓安祥，\n因此她的剑维持美丽，也带有壮烈的特质。
2081,腐败翼剑徽章,1,0,[0|0|0],320810,-1,1.4,0,0,500,406070,0,0,18311,-1,-1,-1,0,0,0,2,0,70,-1,-1,-1,1,0,0,1,1,1,2,2,[0|0],0,2080,0,-1,320811,320812,320813,0,[0|0|0|0],参考高举的义手刀制成的护符。\n侍奉腐败女神的女武神们拥有的徽章。\n\n攻击越是连续，越能大幅提升攻击力。\n\n四位姊妹诞生自艾奥尼亚沼泽，\n透过格威的帮助，到达了圣树──\n然而她们是不完全的花蕾。
2090,短剑护符,1,0,[0|0|0],320900,-1,1.1,0,0,500,402000,0,0,18320,-1,-1,-1,0,0,0,2,0,30,-1,-1,-1,1,0,0,1,1,1,2,2,[0|0],0,2090,0,-1,0,0,0,0,[0|0|0|0],以短剑与医师的形象制成的护符。\n能强化致命一击。\n\n白衣的战场医师看见一息尚存的人，\n不论敌我，皆会给予最后一击──\n正因为慈悲为怀，才会痛下杀手。
2100,远箭护符,1,0,[0|0|0],321000,-1,0.7,0,0,500,402100,0,0,18330,-1,-1,-1,0,0,0,2,0,30,-1,-1,-1,1,0,0,1,1,1,2,2,[0|0],0,2100,0,-1,0,0,0,0,[0|0|0|0],以三支羽毛箭的形象制成的护符。\n狩猎野兽的猎人们拥有的物品。\n\n能提升弓的射程距离。
2110,蓝色舞娘,1,0,[0|0|0],321100,-1,0.9,0,0,500,405010,0,0,18350,-1,-1,-1,0,0,0,2,0,60,-1,-1,-1,1,0,0,1,1,1,2,2,[0|0],0,2110,0,-1,0,0,0,0,[0|0|0|0],以蓝衣舞娘的形象制成的布质人偶。\n非常古老，传承而来的物品。\n\n装备重量越轻，攻击力会越高。\n\n据说蓝衣舞娘是妖精。\n妖精将流水剑赐予盲眼剑士，\n剑士因此得以封印古老神祇──封印腐败。
2120,双头剑护符,1,0,[0|0|0],321200,-1,0.7,0,0,500,402020,0,0,18360,-1,-1,-1,0,0,0,2,0,30,-1,-1,-1,1,0,0,1,1,1,2,2,[0|0],0,2120,0,-1,0,0,0,0,[0|0|0|0],以双头剑与密使的形象制成的护符。\n能强化连续攻击的最后一记攻击。\n\n密使们继承而来的双头剑剑术\n贯彻攻击招招不致命，\n但最后一记攻击最为强力的作法。
2130,斧护符,1,0,[0|0|0],321300,-1,0.8,0,0,500,402030,0,0,18370,-1,-1,-1,0,0,0,2,0,30,-1,-1,-1,1,0,0,1,1,1,2,2,[0|0],0,2130,0,-1,0,0,0,0,[0|0|0|0],以斧与战士的形象制成的护符。\n能强化蓄力攻击。\n\n斧是长征战王的武器，\n众战士推崇王之余，也使用相同武器。\n他们擅长使出蓄满力量的攻击。
2140,骑枪护符,1,0,[0|0|0],321400,-1,0.7,0,0,500,402060,0,0,18380,-1,-1,-1,0,0,0,2,0,30,-1,-1,-1,1,0,0,1,1,1,2,2,[0|0],0,2140,0,-1,0,0,0,0,[0|0|0|0],以骑枪与骑士的形象制成的护符。\n能提升骑马时的攻击力。\n\n骑在马上的骑士十分可畏──\n身在高处，视野更加全面，\n可说是如虎添翼。
2150,硬箭护符,1,0,[0|0|0],321500,-1,0.7,0,0,500,402090,0,0,18340,-1,-1,-1,0,0,0,2,0,30,-1,-1,-1,1,0,0,1,1,1,2,2,[0|0],0,2150,0,-1,0,0,0,0,[0|0|0|0],以三支铁箭的形象制成的护符。\n古老士兵们的物品。\n\n能提升射出箭、弩箭时的攻击力。
2160,鲜血君王的欢愉,1,0,[0|0|0],321600,-1,0.9,0,0,500,406110,0,0,18390,-1,-1,-1,0,0,0,2,0,70,-1,-1,-1,1,0,0,1,1,1,2,2,[0|0],0,2160,0,-1,0,0,0,0,[0|0|0|0],以鲜血君王的欢欣模样制成的护符。\n\n当周围人物陷入异常状态出血时，\n能提升攻击力\n\n　向鲜血君王献上鲜血吧──\n　让大人伴侣的房内，让茧内填满鲜血。\n　年幼的伴侣觉醒之时，我们的王朝随之开创。
2170,腐败眷属的欢愉,1,0,[0|0|0],321700,-1,0.9,0,0,500,406100,0,0,18400,-1,-1,-1,0,0,0,2,0,70,-1,-1,-1,1,0,0,1,1,1,2,2,[0|0],0,2170,0,-1,0,0,0,0,[0|0|0|0],以虫群的欢欣模样制成的护符。\n\n当周围人物陷入异常状态中毒、腐败时，\n能提升攻击力。\n\n　向猩红女神献上腐败吧──\n　在遥远他方怒放猩红花朵，\n　回到我们这群弃子的身旁吧。
2180,钩爪护符,1,0,[0|0|0],321800,-1,0.7,0,0,500,402070,0,0,18800,-1,-1,-1,0,0,0,2,0,30,-1,-1,-1,1,0,0,1,1,1,2,2,[0|0],0,2180,0,-1,0,0,0,0,[0|0|0|0],以钩爪与杀手的形象制成的护符。\n能强化跳跃攻击。\n\n鸦山的杀手以暗杀为业，\n他们会模仿死之猛禽，攻击盯上的猎物。
2190,咆哮链坠,1,0,[0|0|0],321900,-1,0.7,0,0,500,404000,0,0,18810,-1,-1,-1,0,0,0,2,0,50,-1,-1,-1,1,0,0,1,1,1,2,2,[0|0],0,2190,0,-1,321901,0,0,0,[0|0|0|0],以嘶吼巨人的形象制成的青铜链坠。\n能强化咆哮与吐息。\n\n在远古时代，巨人是黄金树的宿敌。\n据说巨人轰然的咆哮能破坏自然──\n譬如引发雪崩，或召来火焰暴风雨。
2200,曲剑护符,0,0,[0|0|0],322000,-1,0.7,0,0,500,402010,0,0,18820,-1,-1,-1,0,0,0,2,0,30,-1,-1,-1,1,0,0,1,1,1,2,2,[0|0],0,2200,0,-1,0,0,0,0,[0|0|0|0],以曲剑与剑士的形象制成的护符。\n能强化防御反击。\n\n那体现险中求胜的杰出剑术，\n据说是在过去，盲眼剑士领悟的技术。
2210,友好壶,1,0,[0|0|0],322100,-1,0.6,0,0,500,404010,0,0,18830,-1,-1,-1,0,0,0,2,0,50,-1,-1,-1,1,0,0,1,1,1,2,2,[0|0],0,2210,0,-1,20383000,0,0,0,[0|0|0|0],壶群送给朋友的护符。\n能提升投掷壶类道具的威力。\n\n壶群以人类血肉作为生命泉源，\n但本性却十分地善良。\n也可能那份善良，就是他们诞生的理由。
2220,调香师护符,1,0,[0|0|0],322200,-1,0.6,0,0,500,404020,0,0,18840,-1,-1,-1,0,0,0,2,0,50,-1,-1,-1,1,0,0,1,1,1,2,2,[0|0],0,2220,0,-1,0,0,0,0,[0|0|0|0],参考调香瓶的模样制成的护符。\n能提升调香术的威力。\n\n调香师有着只有他们才知道的花园。\n可能位在高原的边缘，或是隐藏的洞窟内，\n那里百花齐放，只为芬芳。
3000,魔法师球护符,1,0,[0|0|0],330000,-1,0.7,0,0,1000,403000,0,0,18410,-1,-1,-1,0,0,0,2,0,40,-1,-1,-1,1,0,0,1,1,1,2,2,[0|0],0,3000,0,-1,0,0,0,0,[0|0|0|0],学院的恶梦──人称魔法师球，\n以其形象制成的护符。\n\n能提升魔法的威力。\n\n在辉石魔法之中，有个名为“起源”的禁忌。\n将魔法师聚集成球，化成星星种子──\n对起源派的人而言，这是一种探索的手段。
3001,魔法师块护符,1,0,[0|0|0],330010,-1,1,0,0,2000,403010,0,0,18411,-1,-1,-1,0,0,0,2,0,40,-1,-1,-1,1,0,0,1,1,1,2,2,[0|0],0,3001,0,-1,0,0,0,0,[0|0|0|0],学院的恶梦──人称魔法师球，\n以其中最先出现的魔法师球形象制成的护符。\n\n能大幅提升魔法的威力。\n\n在辉石魔法之中，有个名为“起源”的禁忌。\n将魔法师聚集成球，化成星星种子──\n对起源派的人而言，这是一种探索的手段。
3040,信徒的立誓布,1,0,[0|0|0],330400,-1,0.7,0,0,1000,403020,0,0,18440,-1,-1,-1,0,0,0,2,0,40,-1,-1,-1,1,0,0,1,1,1,2,2,[0|0],0,3040,0,-1,0,0,0,0,[0|0|0|0],描绘面具人像的布条。\n能提升祷告的威力。\n\n人像是参考信徒绘制而成，\n坚信无形的事物，并献上祈祷──\n那副模样，连孤独的创教者也能受到鼓舞。\n\n所谓的信仰，可能就等于肯定。
3050,群聚信徒的立誓布,1,0,[0|0|0],330500,-1,1,0,0,2000,403030,0,0,18450,-1,-1,-1,0,0,0,2,0,40,-1,-1,-1,1,0,0,1,1,1,2,2,[0|0],0,3050,0,-1,0,0,0,0,[0|0|0|0],描绘大量面具人像的布条。\n能大幅提升祷告的威力。\n\n人像是参考信徒绘制而成，\n坚信无形的事物，并献上祈祷──\n那副模样，连孤独的创教者也能受到鼓舞。\n\n所谓的信仰，可能就等于肯定。
3060,古王护符,1,0,[0|0|0],330600,-1,0.5,0,0,1000,403060,0,0,18460,-1,-1,-1,0,0,0,2,0,40,-1,-1,-1,1,0,0,1,1,1,2,3,[0|0],0,3060,0,17,0,0,0,0,[0|0|0|0],参考古王的形象制成的护符。\n据说古王坐镇时空夹缝、风暴中心。\n“传说中的护符”之一。\n\n能延长魔法、祷告的有效时间。\n\n据说古王的城──法姆·亚兹拉，\n在许久以前就逐渐步入崩毁。
3070,拉达冈的肖像,1,0,[0|0|0],330700,-1,0.7,0,0,1000,403070,0,0,18470,-1,-1,-1,0,0,0,2,0,40,-1,-1,-1,1,0,0,1,1,1,2,3,[0|0],0,3070,0,17,0,0,0,0,[0|0|0|0],以“艾尔登之王”拉达冈的形象制成的护符。\n“传说中的护符”之一。\n\n能缩短魔法、祷告的咏唱时间。\n\n据说“红发”拉达冈\n身为卡利亚的蕾娜菈的丈夫时，学习魔法；\n身为玛莉卡女王的丈夫时，学习祷告──\n英雄的目标，是成为完美存在。
3080,源辉石刀,1,0,[0|0|0],330800,-1,0.6,0,0,2000,403040,0,0,18480,-1,-1,-1,0,0,0,2,0,40,-1,-1,-1,1,0,0,1,1,1,2,2,[0|0],0,3080,0,-1,0,0,0,0,[0|0|0|0],染血的古老辉石刀。\n\n能减少使用魔法、祷告消耗的专注值，\n但减少血量上限。\n\n古老的魔法师为了将源辉石化成自己的灵魂，\n会用这把刀划开心脏，接着步入死亡。
3090,葛孚雷的肖像,1,0,[0|0|0],330900,-1,0.8,0,0,1000,404060,0,0,18860,-1,-1,-1,0,0,0,2,0,50,-1,-1,-1,1,0,0,1,1,1,2,3,[0|0],0,3090,0,17,0,0,0,0,[0|0|0|0],以“艾尔登之王”葛孚雷的形象制成的护符。\n“传说中的护符”之一。\n\n能强化魔法、祷告、战技的蓄力使用。\n\n葛孚雷是勇猛的战士──\n然而在他立誓为王的那一刻起，\n为了抑制心中沸腾不止的战意，\n他背起了“宰相野兽”瑟洛修。
4000,龙徽盾护符,1,0,[0|0|0],340000,-1,0.8,0,0,100,401000,0,0,18490,-1,-1,-1,0,0,0,2,0,20,-1,-1,-1,1,0,0,1,1,1,2,2,[0|0],0,4000,0,-1,0,0,0,0,[0|0|0|0],有着古龙浮雕的熟铁制护符。\n能提升物理减伤率。\n\n在黄金树尚未出现的史前时代，\n据说古龙是那时代的主宰，\n也是保护王的铜墙铁壁。\n因此龙的图案被视为各种庇佑的象征。
4001,龙徽盾护符＋１,1,0,[0|0|0],340010,-1,0.8,0,0,500,401010,0,0,18491,-1,-1,-1,0,0,0,2,0,20,-1,-1,-1,1,0,0,1,1,1,2,2,[0|0],0,4000,0,-1,0,0,0,0,[0|0|0|0],有着两只古龙浮雕的熟铁制护符。\n能大幅提升物理减伤率。\n\n在黄金树尚未出现的史前时代，\n据说古龙是那时代的主宰，\n也是保护王的铜墙铁壁。\n因此龙的图案被视为各种庇佑的象征。
4002,龙徽盾护符＋２,1,0,[0|0|0],340020,-1,0.8,0,0,1000,401020,0,0,18492,-1,-1,-1,0,0,0,2,0,20,-1,-1,-1,1,0,0,1,1,1,2,2,[0|0],0,4000,0,-1,0,0,0,0,[0|0|0|0],有着三只古龙浮雕的熟铁制护符。\n能更大幅提升物理减伤率。\n\n在黄金树尚未出现的史前时代，\n据说古龙是那时代的主宰，\n也是保护王的铜墙铁壁。\n因此龙的图案被视为各种庇佑的象征。
4003,龙徽大盾护符,1,0,[0|0|0],340030,-1,0.8,0,0,2000,401030,0,0,18493,-1,-1,-1,0,0,0,2,0,20,-1,-1,-1,1,0,0,1,1,1,2,3,[0|0],0,4000,0,17,0,0,0,0,[0|0|0|0],有着巨大古龙浮雕的熟铁制护符。\n“传说中的护符”之一。\n\n能极大幅提升物理减伤率。\n\n在黄金树尚未出现的史前时代，\n据说古龙是那时代的主宰，\n也是保护王的铜墙铁壁。\n因此龙的图案被视为各种庇佑的象征。
4010,魔力龙徽护符,1,0,[0|0|0],340100,-1,0.6,0,0,100,401040,0,0,18500,-1,-1,-1,0,0,0,2,0,20,-1,-1,-1,1,0,0,1,1,1,2,2,[0|0],0,4010,0,-1,0,0,0,0,[0|0|0|0],绘有蓝色古龙图案的护符。\n能提升魔力属性减伤率。\n\n在黄金树尚未出现的史前时代，\n据说古龙是那时代的主宰，\n也是保护王的铜墙铁壁。\n因此龙的图案被视为各种庇佑的象征。
4011,魔力龙徽护符＋１,1,0,[0|0|0],340110,-1,0.6,0,0,500,401050,0,0,18501,-1,-1,-1,0,0,0,2,0,20,-1,-1,-1,1,0,0,1,1,1,2,2,[0|0],0,4010,0,-1,0,0,0,0,[0|0|0|0],绘有两只蓝色古龙图案的护符。\n能大幅提升魔力属性减伤率。\n\n在黄金树尚未出现的史前时代，\n据说古龙是那时代的主宰，\n也是保护王的铜墙铁壁。\n因此龙的图案被视为各种庇佑的象征。
4012,魔力龙徽护符＋２,1,0,[0|0|0],340120,-1,0.6,0,0,1000,401060,0,0,18502,-1,-1,-1,0,0,0,2,0,20,-1,-1,-1,1,0,0,1,1,1,2,2,[0|0],0,4010,0,-1,0,0,0,0,[0|0|0|0],绘有三只蓝色古龙图案的护符。\n能更大幅提升魔力属性减伤率。\n\n在黄金树尚未出现的史前时代，\n据说古龙是那时代的主宰，\n也是保护王的铜墙铁壁。\n因此龙的图案被视为各种庇佑的象征。
4020,火龙徽护符,1,0,[0|0|0],340200,-1,0.6,0,0,100,401070,0,0,18510,-1,-1,-1,0,0,0,2,0,20,-1,-1,-1,1,0,0,1,1,1,2,2,[0|0],0,4020,0,-1,0,0,0,0,[0|0|0|0],绘有红色古龙图案的护符。\n能提升火属性减伤率。\n\n在黄金树尚未出现的史前时代，\n据说古龙是那时代的主宰，\n也是保护王的铜墙铁壁。\n因此龙的图案被视为各种庇佑的象征。
4021,火龙徽护符＋１,1,0,[0|0|0],340210,-1,0.6,0,0,500,401080,0,0,18511,-1,-1,-1,0,0,0,2,0,20,-1,-1,-1,1,0,0,1,1,1,2,2,[0|0],0,4020,0,-1,0,0,0,0,[0|0|0|0],绘有两只红色古龙图案的护符。\n能大幅提升火属性减伤率。\n\n在黄金树尚未出现的史前时代，\n据说古龙是那时代的主宰，\n也是保护王的铜墙铁壁。\n因此龙的图案被视为各种庇佑的象征。
4022,火龙徽护符＋２,1,0,[0|0|0],340220,-1,0.6,0,0,1000,401090,0,0,18512,-1,-1,-1,0,0,0,2,0,20,-1,-1,-1,1,0,0,1,1,1,2,2,[0|0],0,4020,0,-1,0,0,0,0,[0|0|0|0],绘有三只红色古龙图案的护符。\n能更大幅提升火属性减伤率。\n\n在黄金树尚未出现的史前时代，\n据说古龙是那时代的主宰，\n也是保护王的铜墙铁壁。\n因此龙的图案被视为各种庇佑的象征。
4030,雷龙徽护符,1,0,[0|0|0],340300,-1,0.6,0,0,100,401100,0,0,18520,-1,-1,-1,0,0,0,2,0,20,-1,-1,-1,1,0,0,1,1,1,2,2,[0|0],0,4030,0,-1,0,0,0,0,[0|0|0|0],绘有黄色古龙图案的护符。\n能提升雷属性减伤率。\n\n在黄金树尚未出现的史前时代，\n据说古龙是那时代的主宰，\n也是保护王的铜墙铁壁。\n因此龙的图案被视为各种庇佑的象征。
4031,雷龙徽护符＋１,1,0,[0|0|0],340310,-1,0.6,0,0,500,401110,0,0,18521,-1,-1,-1,0,0,0,2,0,20,-1,-1,-1,1,0,0,1,1,1,2,2,[0|0],0,4030,0,-1,0,0,0,0,[0|0|0|0],绘有两只黄色古龙图案的护符。\n能大幅提升雷属性减伤率。\n\n在黄金树尚未出现的史前时代，\n据说古龙是那时代的主宰，\n也是保护王的铜墙铁壁。\n因此龙的图案被视为各种庇佑的象征。
4032,雷龙徽护符＋２,1,0,[0|0|0],340320,-1,0.6,0,0,1000,401120,0,0,18522,-1,-1,-1,0,0,0,2,0,20,-1,-1,-1,1,0,0,1,1,1,2,2,[0|0],0,4030,0,-1,0,0,0,0,[0|0|0|0],绘有三只黄色古龙图案的护符。\n能更大幅提升雷属性减伤率。\n\n在黄金树尚未出现的史前时代，\n据说古龙是那时代的主宰，\n也是保护王的铜墙铁壁。\n因此龙的图案被视为各种庇佑的象征。
4040,圣龙徽护符,1,0,[0|0|0],340400,-1,0.6,0,0,100,401130,0,0,18530,-1,-1,-1,0,0,0,2,0,20,-1,-1,-1,1,0,0,1,1,1,2,2,[0|0],0,4040,0,-1,0,0,0,0,[0|0|0|0],绘有黄金古龙图案的护符。\n能提升圣属性减伤率。\n\n在黄金树尚未出现的史前时代，\n据说古龙是那时代的主宰，\n也是保护王的铜墙铁壁。\n因此龙的图案被视为各种庇佑的象征。
4041,圣龙徽护符＋１,1,0,[0|0|0],340410,-1,0.6,0,0,500,401140,0,0,18531,-1,-1,-1,0,0,0,2,0,20,-1,-1,-1,1,0,0,1,1,1,2,2,[0|0],0,4040,0,-1,0,0,0,0,[0|0|0|0],绘有两只黄金古龙图案的护符。\n能大幅提升圣属性减伤率。\n\n在黄金树尚未出现的史前时代，\n据说古龙是那时代的主宰，\n也是保护王的铜墙铁壁。\n因此龙的图案被视为各种庇佑的象征。
4042,圣龙徽护符＋２,1,0,[0|0|0],340420,-1,0.6,0,0,1000,401150,0,0,18532,-1,-1,-1,0,0,0,2,0,20,-1,-1,-1,1,0,0,1,1,1,2,2,[0|0],0,4040,0,-1,0,0,0,0,[0|0|0|0],绘有三只黄金古龙图案的护符。\n能更大幅提升圣属性减伤率。\n\n在黄金树尚未出现的史前时代，\n据说古龙是那时代的主宰，\n也是保护王的铜墙铁壁。\n因此龙的图案被视为各种庇佑的象征。
4050,珍珠龙徽护符,1,0,[0|0|0],340500,-1,0.9,0,0,100,401160,0,0,18540,-1,-1,-1,0,0,0,2,0,20,-1,-1,-1,1,0,0,1,1,1,2,2,[0|0],0,4050,0,-1,0,0,0,0,[0|0|0|0],绘有珍珠色古龙图案的护符。\n能提升物理以外的减伤率。\n\n在黄金树尚未出现的史前时代，\n据说古龙是那时代的主宰，\n也是保护王的铜墙铁壁。\n因此龙的图案被视为各种庇佑的象征。
4051,珍珠龙徽护符＋１,1,0,[0|0|0],340510,-1,0.9,0,0,500,401170,0,0,18541,-1,-1,-1,0,0,0,2,0,20,-1,-1,-1,1,0,0,1,1,1,2,2,[0|0],0,4050,0,-1,0,0,0,0,[0|0|0|0],绘有两只珍珠色古龙图案的护符。\n能大幅提升物理以外的减伤率。\n\n在黄金树尚未出现的史前时代，\n据说古龙是那时代的主宰，\n也是保护王的铜墙铁壁。\n因此龙的图案被视为各种庇佑的象征。
4052,珍珠龙徽护符＋２,1,0,[0|0|0],340520,-1,0.9,0,0,1000,401180,0,0,18542,-1,-1,-1,0,0,0,2,0,20,-1,-1,-1,1,0,0,1,1,1,2,2,[0|0],0,4050,0,-1,0,0,0,0,[0|0|0|0],绘有三只珍珠色古龙图案的护符。\n能更大幅提升物理以外的减伤率。\n\n在黄金树尚未出现的史前时代，\n据说古龙是那时代的主宰，\n也是保护王的铜墙铁壁。\n因此龙的图案被视为各种庇佑的象征。
4060,熔炉鳞护符,1,0,[0|0|0],340600,-1,1.1,0,0,500,405060,0,0,18550,-1,-1,-1,0,0,0,2,0,60,-1,-1,-1,1,0,0,1,1,1,2,2,[0|0],0,4060,0,-1,0,0,0,0,[0|0|0|0],在远古时代，据说会长在人体上，\n揉合生物百相的鳞片所制成的护符。\n\n能减少致命一击造成的损伤。\n\n此为生命之始的熔炉残存的痕迹，\n也是局部性的隔代遗传，在古代具有神圣意义。\n然而在文明发展后，被视为玷污的象征。
4070,熔炉羽护符,1,0,[0|0|0],340700,-1,0.8,0,0,1000,405070,0,0,18560,-1,-1,-1,0,0,0,2,0,60,-1,-1,-1,1,0,0,1,1,1,2,2,[0|0],0,4070,0,-1,0,0,0,0,[0|0|0|0],在远古时代，据说会长在人体上，\n揉合生物百相的羽毛所制成的护符。\n\n能强化翻滚的闪避能力，\n但会增加受到的损伤。\n\n此为生命之始的熔炉残存的痕迹，\n也是局部性的隔代遗传，在古代具有神圣意义。\n然而在文明发展后，被视为玷污的象征。
4080,蓝羽七刃剑,1,0,[0|0|0],340800,-1,1.1,0,0,500,406010,0,0,18570,-1,-1,-1,0,0,0,2,0,70,-1,-1,-1,1,0,0,1,1,1,2,2,[0|0],0,4080,0,-1,0,0,0,0,[0|0|0|0],源自古代死亡仪式的护符。\n蓝色羽毛的护符，在血量偏低时，\n能提升防御力。\n\n与死亡比邻时，情绪会为之高昂──\n那拚命求生的模样，\n会加深死亡的奉献价值。
4090,献斗盾护符,1,0,[0|0|0],340900,-1,0.9,0,0,500,406030,0,0,18580,-1,-1,-1,0,0,0,2,0,70,-1,-1,-1,1,0,0,1,1,1,2,2,[0|0],0,4090,0,-1,0,0,0,0,[0|0|0|0],过去献给黄金树的战斗仪式──\n参考用于仪式中的盾制成的护符。\n\n血量全满时，能提升防御力。\n\n战斗仪式在王夫拉达冈的时代受到废除，\n散布各处的竞技场是遗留下来的产物。
4100,大盾护符,1,0,[0|0|0],341000,-1,0.9,0,0,500,402080,0,0,18590,-1,-1,-1,0,0,0,2,0,30,-1,-1,-1,1,0,0,1,1,1,2,2,[0|0],0,4100,0,-1,0,0,0,0,[0|0|0|0],以大盾与骑士的形象制成的护符。\n能提升防御强度。\n\n在过去，王城罗德尔的骑士们\n将大树守卫的准则奉为圭臬：\n要善尽守护职责，\n该先举起的不是剑，是盾。
4110,熔炉瘤护符,1,0,[0|0|0],341100,-1,0.5,0,0,500,405080,0,0,18600,-1,-1,-1,0,0,0,2,0,60,-1,-1,-1,1,0,0,1,1,1,2,2,[0|0],0,4110,0,-1,0,0,0,0,[0|0|0|0],在远古时代，据说会长在人体上，\n揉合生物百相的瘤所制成的护符。\n\n能减少头部射击造成的损伤与冲击。\n\n此为生命之始的熔炉残存的痕迹，\n也是局部性的隔代遗传，在古代具有神圣意义。\n然而在文明发展后，被视为玷污的象征。
5000,红种子护符,1,0,[0|0|0],350000,-1,0.8,0,0,1000,400030,0,0,18610,-1,-1,-1,0,0,0,2,0,10,-1,-1,-1,1,0,0,1,1,1,2,2,[0|0],0,5000,0,-1,0,0,0,0,[0|0|0|0],参考黄金树种子的模样制成的红色护符。\n能提升红露滴圣杯瓶的恢复量。\n\n过去的黄金树曾是永恒与完美，\n也因此，种子不曾出现。
5010,蓝种子护符,1,0,[0|0|0],350100,-1,0.8,0,0,1000,400080,0,0,18620,-1,-1,-1,0,0,0,2,0,10,-1,-1,-1,1,0,0,1,1,1,2,2,[0|0],0,5010,0,-1,0,0,0,0,[0|0|0|0],参考黄金树种子的模样制成的蓝色护符。\n能提升蓝露滴圣杯瓶的恢复量。\n\n过去的黄金树曾是永恒与完美，\n也因此，种子不曾出现。
5020,恩惠露滴护符,1,0,[0|0|0],350200,-1,0.6,0,0,1000,400040,0,0,18630,-1,-1,-1,0,0,0,2,0,10,-1,-1,-1,1,0,0,1,1,1,2,2,[0|0],0,5020,0,-1,0,0,0,0,[0|0|0|0],承接黄金树的恩惠──\n参考承接露滴的模样制成的护符。\n\n能缓慢恢复血量。\n\n据说在过去，恩惠露滴源源不绝──\n那是转眼即逝的丰饶时代，\n黄金树因此成为了信仰。
5030,掠夺浮雕坠饰,1,0,[0|0|0],350300,-1,1,0,0,1000,406120,0,0,18640,-1,-1,-1,0,0,0,2,0,70,-1,-1,-1,1,0,0,1,1,1,2,2,[0|0],0,5030,0,-1,0,0,0,0,[0|0|0|0],火山官邸之主，拉卡德司法官──\n雕着他面容严肃的肖像护符。\n\n打倒敌人时，能恢复血量。\n\n当拉卡德发誓犯下叛律的亵渎之举，\n所有的掠夺行为都受到肯定──\n与神祇的作法如出一辙。
5040,神皮襁褓,1,0,[0|0|0],350400,-1,0.9,0,0,1000,406090,0,0,18650,-1,-1,-1,0,0,0,2,0,70,-1,-1,-1,1,0,0,1,1,1,2,2,[0|0],0,5040,0,-1,0,0,0,0,[0|0|0|0],以平滑的皮肤拼制缝成的\n神皮使徒们的圣布。\n\n连续攻击时，能恢复血量。\n\n刚诞生的使徒会用此物包裹，\n再交给有着宵色眼眸的女王拥抱──\n让使徒们长成神祇的死亡。
5050,染红凶刀,1,0,[0|0|0],350500,-1,0.8,0,0,1500,406040,0,0,18660,-1,-1,-1,0,0,0,2,0,70,-1,-1,-1,1,0,0,1,1,1,2,2,[0|0],0,5050,0,-1,0,0,0,0,[0|0|0|0],形状蜿蜒，染上红色的凶刀。\n使出致命一击能恢复血量。\n\n带来半神初始死亡的黑刀，\n在阴谋之夜舞动，反射阵阵光芒──\n据说此为参考黑刀的形象制成。
5060,染蓝凶刀,1,0,[0|0|0],350600,-1,0.8,0,0,1500,406050,0,0,18670,-1,-1,-1,0,0,0,2,0,70,-1,-1,-1,1,0,0,1,1,1,2,2,[0|0],0,5060,0,-1,0,0,0,0,[0|0|0|0],形状蜿蜒，染上蓝色的凶刀。\n使出致命一击能恢复专注值。\n\n带来半神初始死亡的黑刀，\n在阴谋之夜舞动，反射阵阵光芒──\n据说此为参考黑刀的形象制成。
6000,克雷普的小瓶子,1,0,[0|0|0],360000,-1,0.7,0,0,500,407000,0,0,18680,-1,-1,-1,0,0,0,2,0,80,-1,-1,-1,1,0,0,1,1,1,2,2,[0|0],0,6000,0,-1,0,0,0,0,[0|0|0|0],封着暗雾的神秘小瓶子。\n\n能完全去除自己发出的声响。\n\n据说是圆桌厅堂的刺客使用的诅咒器具。\n在过去，背离引导的褪色者，\n在一片寂静的时刻最为心慌。
6010,隐身面纱,1,0,[0|0|0],360100,-1,0.9,0,0,500,407010,0,0,18690,-1,-1,-1,0,0,0,2,0,80,-1,-1,-1,1,0,0,1,1,1,2,2,[0|0],0,6010,0,-1,0,0,0,0,[0|0|0|0],表面具有光泽的暗色布卷成的护符。\n\n远离敌人后，蹲下能完全隐藏自己的身影。\n\n此为过去的黑刀刺客们，\n在阴谋之夜时用于隐藏身影的部分面纱。
6020,卡利亚徽章,1,0,[0|0|0],360200,-1,0.8,0,0,1000,404030,0,0,18700,-1,-1,-1,0,0,0,2,0,50,-1,-1,-1,1,0,0,1,1,1,2,2,[0|0],0,6020,0,-1,0,0,0,0,[0|0|0|0],在盾面有着王室徽章的护符。\n\n能减少使用战技消耗的专注值。\n\n据说在过去的卡利亚骑士之中，\n只有直接侍奉公主的人会受赐此徽章。\n目前的公主只有一位──\n蕾娜菈的女儿，菈妮。
6040,长尾猫别针,1,0,[0|0|0],360400,-1,0.6,0,0,500,407020,0,0,18720,-1,-1,-1,0,0,0,2,0,80,-1,-1,-1,1,0,0,1,1,1,2,2,[0|0],0,6040,0,-1,0,0,0,0,[0|0|0|0],以长尾猫拉桂玛的形象制成的别针。\n\n从高处落下时，能完全不受到损伤。\n但是无法避免过高落下时，造成的死亡。\n\n据说那是雷亚卢卡利亚的童话故事中\n出现的妖精猫，会在大钟楼上玩耍。
6050,夏玻利利之祸,1,0,[0|0|0],360500,-1,0.6,0,0,500,407050,0,0,18730,-1,-1,-1,0,0,0,2,0,80,-1,-1,-1,1,0,0,1,1,1,2,2,[0|0],0,6050,0,-1,0,0,0,0,[0|0|0|0],双眼被压碎的疯狂肖像。\n肖像若有似无的微笑带有一丝谄媚。\n\n将变得容易受敌人攻击。\n\n名为夏玻利利的男人，因为进谗言，\n蒙受被众人压碎双眼的惩罚。\n据说后来，他的眼窝寄宿了癫火病。
6060,狄蒂卡之祸,1,0,[0|0|0],360600,-1,0.8,0,0,500,407060,0,0,18740,-1,-1,-1,0,0,0,2,0,80,-1,-1,-1,1,0,0,1,1,1,2,2,[0|0],0,6060,0,-1,0,0,0,0,[0|0|0|0],皮肤剥落的疯狂肖像。\n肖像若有似无的微笑带有一丝慈爱。\n\n将增加受到的损伤。\n\n名为狄蒂卡的女人，\n做出诸多道德瑕疵之举。\n据说因此产下了无数异形之子。
6070,牺牲细枝,1,0,[0|0|0],360700,-1,1,0,0,1000,407070,0,0,18750,-1,-1,-1,0,0,0,2,0,80,-1,-1,-1,1,0,0,1,1,1,2,1,[0|0],0,6070,0,-1,0,0,0,0,[0|0|0|0],细到仿佛一折即断的枯枝护符。\n\n死亡时不会掉落卢恩，\n但作为代价，此护符会消失。\n\n据说是黄金树的一部份，\n在远古时代修剪时留下的树枝。
6080,勾指伪装镜,1,0,[0|0|0],360800,-1,0.7,0,0,1000,407030,0,0,18760,-1,-1,-1,0,0,0,2,0,80,-1,-1,-1,1,0,0,1,1,1,2,2,[0|0],0,6080,0,-1,0,0,0,0,[0|0|0|0],映照出金色模糊人影的小镜子。\n\n能变得像是勾指主人。\n\n为了欺骗入侵者所制作的\n其中一种褪色者的诅咒器具。
6090,主人伪装镜,1,0,[0|0|0],360900,-1,0.7,0,0,1000,407040,0,0,18770,-1,-1,-1,0,0,0,2,0,80,-1,-1,-1,1,0,0,1,1,1,2,2,[0|0],0,6080,0,-1,0,0,0,0,[0|0|0|0],映照出肉身模糊人影的小镜子。\n\n能变得像是受召唤而来的协助者。\n\n为了欺骗入侵者所制作的\n其中一种褪色者的诅咒器具。
6100,[ERROR]纠缠脐带,1,0,[0|0|0],361000,-1,0.5,0,0,1000,999999,0,0,18780,-1,-1,-1,0,0,0,2,0,255,-1,-1,-1,1,0,0,1,0,1,2,2,[0|0],0,6100,0,-1,0,0,0,0,[0|0|0|0],歪扭成奇怪模样的神秘圆环。\n自己的举止会产生变化。
6110,祖灵角,1,0,[0|0|0],361100,-1,1.2,0,0,500,406130,0,0,18880,-1,-1,-1,0,0,0,2,0,70,-1,-1,-1,1,0,0,1,1,1,2,3,[0|0],0,6110,0,-1,0,0,0,0,[0|0|0|0],切下祖灵之王的角而成的物品。\n\n打倒敌人时，能恢复专注值。\n\n祖灵之王倒下，几株嫩芽\n以祂的角为温床，盛开发光──\n此为从死亡萌发生命，\n也是从死亡获得力量。
7000,红琥珀链坠＋３,0,0,[0|0|0],20370000,-1,0.6,0,0,2000,400025,0,0,18900,-1,-1,-1,0,0,0,2,0,10,-1,-1,-1,1,0,0,1,1,1,2,2,[0|0],0,1000,0,-1,0,0,0,0,[0|0|0|0],镶有红色琥珀的链坠。\n能最大幅提升血量的上限。\n\n琥珀为黄金树的古老露滴，\n在“初始艾尔登之王”葛孚雷的时代\n被视为特殊的宝石。\n\n据说葛德文的禁卫骑士们──\n杰出的黄金骑士，受赐的琥珀最为大颗。
7010,蓝琥珀链坠＋３,0,0,[0|0|0],20370100,-1,0.6,0,0,2000,400075,0,0,18901,-1,-1,-1,0,0,0,2,0,10,-1,-1,-1,1,0,0,1,1,1,2,2,[0|0],0,1010,0,-1,0,0,0,0,[0|0|0|0],镶有蓝色琥珀的链坠。\n能最大幅提升专注值的上限。\n\n琥珀为黄金树的古老露滴，\n在“初始艾尔登之王”葛孚雷的时代\n被视为特殊的宝石。\n\n据说葛德文的禁卫骑士们──\n杰出的黄金骑士，受赐的琥珀最为大颗。
7020,绿琥珀链坠＋３,0,0,[0|0|0],20370200,-1,0.6,0,0,2000,400115,0,0,18902,-1,-1,-1,0,0,0,2,0,10,-1,-1,-1,1,0,0,1,1,1,2,2,[0|0],0,1020,0,-1,0,0,0,0,[0|0|0|0],镶有绿色琥珀的链坠。\n能最大幅提升精力的上限。\n\n琥珀为黄金树的古老露滴，\n在“初始艾尔登之王”葛孚雷的时代\n被视为特殊的宝石。\n\n据说葛德文的禁卫骑士们──\n杰出的黄金骑士，受赐的琥珀最为大颗。
7030,双首龟护符,0,0,[0|0|0],20370300,-1,1,0,0,1000,400125,0,0,18903,-1,-1,-1,0,0,0,2,0,10,-1,-1,-1,1,0,0,1,1,1,2,2,[0|0],0,1150,0,-1,0,0,0,0,[0|0|0|0],参考双头绿乌龟的模样制成的护符。\n能大幅提升精力的恢复速度。\n\n乌龟是著名的营养食材，为精力无穷的象征。\n\n而其中，两颗头的乌龟\n在脖子交错时，形状有如螺旋，\n为塔之地特别喜爱的题材。
7040,健壮角饰品＋２,0,0,[0|0|0],20370400,-1,0.9,0,0,2000,401221,0,0,18904,-1,-1,-1,0,0,0,2,0,20,-1,-1,-1,1,0,0,1,1,1,2,2,[0|0],0,1160,0,-1,0,0,0,0,[0|0|0|0],角人们于祭祀时使用的装饰品。\n能更大幅提升健壮度。\n（健壮度是对出血、冻伤的抵抗力。）\n\n对角人们而言，角是神圣的象征，\n也因此证明他们是受选的子民。\n\n其中不停萌发新芽的混生角，\n则被视为灵力之首的象征。
7050,免疫角饰品＋２,0,0,[0|0|0],20370500,-1,0.9,0,0,2000,401201,0,0,18905,-1,-1,-1,0,0,0,2,0,20,-1,-1,-1,1,0,0,1,1,1,2,2,[0|0],0,1170,0,-1,0,0,0,0,[0|0|0|0],角人们于祭祀时使用的装饰品。\n能更大幅提升免疫力。\n（免疫力是对中毒、腐败的抵抗力。）\n\n对角人们而言，角是神圣的象征，\n也因此证明他们是受选的子民。\n\n其中不停萌发新芽的混生角，\n则被视为灵力之首的象征。
7060,理智角饰品＋２,0,0,[0|0|0],20370600,-1,0.9,0,0,2000,401241,0,0,18906,-1,-1,-1,0,0,0,2,0,20,-1,-1,-1,1,0,0,1,1,1,2,2,[0|0],0,1180,0,-1,0,0,0,0,[0|0|0|0],角人们于祭祀时使用的装饰品。\n能更大幅提升理智度。\n（理智度是对催眠、发狂的抵抗力。）\n\n对角人们而言，角是神圣的象征，\n也因此证明他们是受选的子民。\n\n其中不停萌发新芽的混生角，\n则被视为灵力之首的象征。
7080,斑斓项链＋２,0,0,[0|0|0],20370800,-1,1.2,0,0,3000,401261,0,0,18908,-1,-1,-1,0,0,0,2,0,20,-1,-1,-1,1,0,0,1,1,1,2,2,[0|0],0,1200,0,-1,0,0,0,0,[0|0|0|0],角人们于祭祀时使用的装饰品。\n其中以多种色彩点缀的贵重物品。\n\n能更大幅提升免疫力、健壮度、理智度。\n\n对角人们而言，角是神圣的象征，\n也因此证明他们是受选的子民。\n\n其中不停萌发新芽的混生角，\n则被视为灵力之首的象征。
7090,魔力龙徽护符＋３,0,0,[0|0|0],20370900,-1,0.9,0,0,2000,401061,0,0,18909,-1,-1,-1,0,0,0,2,0,20,-1,-1,-1,1,0,0,1,1,1,2,2,[0|0],0,4010,0,-1,0,0,0,0,[0|0|0|0],绘有巨大蓝色古龙图案的护符。\n能最大幅提升魔力属性减伤率。\n\n在黄金树尚未出现的史前时代，\n据说古龙是那时代的主宰，\n也是保护王的铜墙铁壁。\n因此龙的图案被视为各种庇佑的象征。
7100,火龙徽护符＋３,0,0,[0|0|0],20371000,-1,0.9,0,0,2000,401091,0,0,18910,-1,-1,-1,0,0,0,2,0,20,-1,-1,-1,1,0,0,1,1,1,2,2,[0|0],0,4020,0,-1,0,0,0,0,[0|0|0|0],绘有巨大红色古龙图案的护符。\n能最大幅提升火属性减伤率。\n\n在黄金树尚未出现的史前时代，\n据说古龙是那时代的主宰，\n也是保护王的铜墙铁壁。\n因此龙的图案被视为各种庇佑的象征。
7110,雷龙徽护符＋３,0,0,[0|0|0],20371100,-1,0.9,0,0,2000,401121,0,0,18911,-1,-1,-1,0,0,0,2,0,20,-1,-1,-1,1,0,0,1,1,1,2,2,[0|0],0,4030,0,-1,0,0,0,0,[0|0|0|0],绘有巨大黄色古龙图案的护符。\n能最大幅提升雷属性减伤率。\n\n在黄金树尚未出现的史前时代，\n据说古龙是那时代的主宰，\n也是保护王的铜墙铁壁。\n因此龙的图案被视为各种庇佑的象征。
7120,金黄色编发,0,0,[0|0|0],20371200,-1,0.9,0,0,2000,401151,0,0,18912,-1,-1,-1,0,0,0,2,0,20,-1,-1,-1,1,0,0,1,1,1,2,2,[0|0],0,4040,0,-1,0,0,0,0,[0|0|0|0],被剪断的金黄色编发。\n玛莉卡女王献给祖母的供品。\n\n能最大幅提升圣属性减伤率。\n\n没有人知道玛莉卡为了什么而祈祷、许愿，\n又或是，为了什么而忏悔。\n能确定的是从那之后，祂不曾再回去故乡。
7130,珍珠龙徽护符＋３,0,0,[0|0|0],20371300,-1,1.2,0,0,2000,401181,0,0,18913,-1,-1,-1,0,0,0,2,0,20,-1,-1,-1,1,0,0,1,1,1,2,2,[0|0],0,4050,0,-1,0,0,0,0,[0|0|0|0],绘有巨大珍珠色古龙图案的护符。\n能最大幅提升物理以外的减伤率。\n\n在黄金树尚未出现的史前时代，\n据说古龙是那时代的主宰，\n也是保护王的铜墙铁壁。\n因此龙的图案被视为各种庇佑的象征。
7140,红种子护符＋１,0,0,[0|0|0],20371400,-1,1.1,0,0,2000,400035,0,0,18914,-1,-1,-1,0,0,0,2,0,10,-1,-1,-1,1,0,0,1,1,1,2,2,[0|0],0,5000,0,-1,0,0,0,0,[0|0|0|0],参考黄金树种子的模样制成的红色护符。\n能大幅提升红露滴圣杯瓶的恢复量。\n\n以不曾出现的种子为主题的护符，\n其中最古老的一个，有着代表双指的设计。\n此为黄金树之始的象征。
7150,蓝种子护符＋１,0,0,[0|0|0],20371500,-1,1.1,0,0,2000,400081,0,0,18915,-1,-1,-1,0,0,0,2,0,10,-1,-1,-1,1,0,0,1,1,1,2,2,[0|0],0,5010,0,-1,0,0,0,0,[0|0|0|0],参考黄金树种子的模样制成的蓝色护符。\n能大幅提升蓝露滴圣杯瓶的恢复量。\n\n以不曾出现的种子为主题的护符，\n其中最古老的一个，有着代表双指的设计。\n此为黄金树之始的象征。
8000,恩惠蓝露滴护符,0,0,[0|0|0],20380000,-1,1.2,0,0,1000,400082,0,0,18916,-1,-1,-1,0,0,0,2,0,10,-1,-1,-1,1,0,0,1,1,1,2,2,[0|0],0,8000,0,-1,0,0,0,0,[0|0|0|0],承接黄金树的恩惠──\n参考承接蓝露滴的模样制成的护符。\n\n能缓慢恢复专注值。\n\n据说在过去，恩惠露滴源源不绝──\n那是转眼即逝的丰饶时代，\n黄金树因此成为了信仰。
8010,熔炉薄翼护符,0,0,[0|0|0],20380100,-1,0.6,0,0,500,405090,0,0,18917,-1,-1,-1,0,0,0,2,0,60,-1,-1,-1,1,0,0,1,1,1,2,2,[0|0],0,8010,0,-1,0,0,0,0,[0|0|0|0],在远古时代，据说会长在人体上，\n揉合生物百相的轻薄翅膀所制成的护符。\n\n能强化后跃的闪避能力，\n但会增加受到的损伤。\n\n角人们认为熔炉相当神圣──\n因为在那历经淬炼的进化尽头，\n就是他们身上的混生角。
8020,外在神祇的传说,0,0,[0|0|0],20380200,-1,0.6,0,0,1000,400270,0,0,18918,-1,-1,-1,0,0,0,2,0,10,-1,-1,-1,1,0,0,1,1,1,2,2,[0|0],0,8020,0,-1,0,0,0,0,[0|0|0|0],雕制关于外在神祇传说的护符。\n能提升感应。\n\n人民蒙受火难、被夺去一切后，\n从他们尊贵祖先的遗体影子里，\n发现了异样的为神本质。\n\n在备受折磨、走投无路的情况下，\n他们还是向不祥的异形求助。
8030,裂石护符,0,0,[0|0|0],20380300,-1,0.8,0,0,500,404080,0,0,18924,-1,-1,-1,0,0,0,2,0,50,-1,-1,-1,1,0,0,1,1,1,2,2,[0|0],0,8030,0,-1,0,0,0,0,[0|0|0|0],裂开的镇邪石。\n\n能提升踢击与踏地类招式的威力。\n\n镇邪石是用于镇住地震的灵异石。\n据说当它裂开以后，城镇也随之陷入地面。\n但关于城镇下陷的原因，有另一种说法──\n那可能是月亮坠落导致。
8040,双手剑护符,0,0,[0|0|0],20380400,-1,1.2,0,0,500,402075,0,0,18919,-1,-1,-1,0,0,0,2,0,30,-1,-1,-1,1,0,0,1,1,1,2,2,[0|0],0,8040,0,-1,0,0,0,0,[0|0|0|0],以双手剑与战士的形象制成的护符。\n能强化以双手共持武器时的攻击。\n\n角战士为塔的守护者──\n他们的力量是塔的武力象征。\n据说那出神入化的一击，能斩断一切。
8050,圣战徽章,0,0,[0|0|0],20380500,-1,1.2,0,0,500,406131,0,0,18920,-1,-1,-1,0,0,0,2,0,70,-1,-1,-1,1,0,0,1,1,1,2,2,[0|0],0,8050,0,-1,0,0,0,0,[0|0|0|0],参考高举的矛与火焰制成的护符。\n与梅瑟莫并肩作战，\n为圣战捐躯的人们拥有的徽章。\n\n打倒敌人时，能提升攻击力。\n\n他们一昧地杀戮、烧尽污秽──\n不带悲悯之心，也没有名誉可言。\n只有坚信此为圣战的人们，\n才能从殒命的哀号声中，找到一丝激昂。
8060,老翁的欢愉,0,0,[0|0|0],20380600,-1,0.9,0,0,500,406111,0,0,18921,-1,-1,-1,0,0,0,2,0,70,-1,-1,-1,1,0,0,1,1,1,2,2,[0|0],0,8060,0,-1,0,0,0,0,[0|0|0|0],外貌犹如熟透的葡萄──\n参考禁触老翁的欢欣模样制成的护符。\n\n当周围人物陷入异常状态发狂时，\n能提升攻击力。\n\n　我等会为了王，献上发狂──\n　让所有人拥有葡萄，\n　让所有人的葡萄熟成吧。
8070,远硬箭护符,0,0,[0|0|0],20380700,-1,1.1,0,0,1000,402110,0,0,18922,-1,-1,-1,0,0,0,2,0,30,-1,-1,-1,1,0,0,1,1,1,2,2,[0|0],0,2100,0,-1,0,0,0,0,[0|0|0|0],以羽毛箭与铁箭组合制成的护符。\n\n能提升弓的射程距离，\n与射出箭、弩箭时的攻击力。
8090,珍珠盾护符,0,0,[0|0|0],20380900,-1,0.9,0,0,500,402081,0,0,18925,-1,-1,-1,0,0,0,2,0,30,-1,-1,-1,1,0,0,1,1,1,2,2,[0|0],0,8090,0,-1,0,0,0,0,[0|0|0|0],以珍珠色大盾与骑士的形象制成的护符。\n防御时，能提升物理以外的减伤率。\n\n无从得知污秽有几分力量──\n为此，骑士们作足准备。
8100,干枯花束,0,0,[0|0|0],20381000,-1,0.8,0,0,500,406133,0,0,18923,-1,-1,-1,0,0,0,2,0,70,-1,-1,-1,1,0,0,1,1,1,2,2,[0|0],0,8100,0,-1,0,0,0,0,[0|0|0|0],惹人怜爱的干枯花束。\n供养在小墓碑前的物品。\n\n当自己召唤的灵魂死亡时，能提升攻击力。\n\n对深爱之人的不幸感到心伤──\n这情感不论身处何地，皆是如此。
8110,锻造术护符,0,0,[0|0|0],20381100,-1,1.3,0,0,500,404090,0,0,18934,-1,-1,-1,0,0,0,2,0,50,-1,-1,-1,1,0,0,1,1,1,2,2,[0|0],0,8110,0,-1,0,0,0,0,[0|0|0|0],以老旧锻造铁锤的形象制成的护符。\n表面刻着流纹文字。\n\n能强化投掷武器时的攻击。\n\n在远古时代，锻造是敬神的仪式。\n据说在熔化的钢铁中，一层层的皱褶内刻有文字。\n铁匠会找出文字，用于固定武器的灵魂。
8120,疾病护符,0,0,[0|0|0],20381200,-1,0.6,0,0,500,401281,0,0,18926,-1,-1,-1,0,0,0,2,0,20,-1,-1,-1,1,0,0,1,1,1,2,2,[0|0],0,8120,0,-1,0,0,0,0,[0|0|0|0],参考病死的模样制成的护符。\n\n在陷入异常状态后，一定时间内，\n遇上同样的异常状态时，能提升抵抗力。\n\n体弱的人罹患可怕的苍蝇病时，\n远在变形之前，生命就会先走到终点。\n据说只有看护患者到最后一刻，\n并慎重安葬的照顾者，才能免于罹病。
8130,回击交错树,0,0,[0|0|0],20381300,-1,0.8,0,0,500,402082,0,0,18937,-1,-1,-1,0,0,0,2,0,30,-1,-1,-1,1,0,0,1,1,1,2,2,[0|0],0,8130,0,-1,0,0,0,0,[0|0|0|0],参考黄金交错树的形象制成的工艺品。\n金针骑士们受赐的其中一项物品。\n\n能强化在翻滚、后跃之后使出的攻击。\n\n在过去，金针骑士们侍奉米凯拉；\n而如今，那骑士只剩一人。
8140,贯刺交错树,0,0,[0|0|0],20381400,-1,0.8,0,0,500,402083,0,0,18938,-1,-1,-1,0,0,0,2,0,30,-1,-1,-1,1,0,0,1,1,1,2,2,[0|0],0,8140,0,-1,0,0,0,0,[0|0|0|0],参考黄金交错树的形象制成的工艺品。\n金针骑士们受赐的其中一项物品。\n\n能强化冲刺攻击。\n\n在过去，金针骑士们侍奉米凯拉；\n而如今，那骑士只剩一人。
8150,狙击弓护符,0,0,[0|0|0],19990,-1,0.6,0,0,500,402120,0,0,18927,-1,-1,-1,0,0,0,2,0,30,-1,-1,-1,1,0,0,1,1,1,2,2,[0|0],0,8150,0,-1,0,0,0,0,[0|0|0|0],以长弓与射手的形象制成的护符。\n能提升精密射击的攻击力。\n\n白金之子射手们十分灵巧，\n以令人畏惧的优秀狙击能力为人所知。
8160,托莉娜的微笑,0,0,[0|0|0],20381600,-1,0.9,0,0,500,406112,0,0,18928,-1,-1,-1,0,0,0,2,0,70,-1,-1,-1,1,0,0,1,1,1,2,2,[0|0],0,8160,0,-1,0,0,0,0,[0|0|0|0],以圣女托莉娜微笑时的模样制成的护符。\n某位男性深藏心底的幻想。\n\n当周围人物陷入异常状态催眠时，\n能提升攻击力。\n\n　只有我才知道──\n　陷在您的深沉酣眠里，有多么甜美。\n　所以说，请只对着我笑吧。
8170,狂龙护符,0,0,[0|0|0],20381700,-1,0.6,0,0,500,404110,0,0,18929,-1,-1,-1,0,0,0,2,0,50,-1,-1,-1,1,0,0,1,1,1,2,2,[0|0],0,8170,0,-1,0,0,0,0,[0|0|0|0],参考尖刺山的狂龙模样制成的护符。\n当它发出轰然咆哮，尖刺山的熔岩会随之沸腾。\n\n能提升熔岩的威力。\n\n狂龙之名为贝勒──\n据说它曾挑战古龙之王，最后落得两败俱伤。\n有着愤怒的破坏者之称。
8180,狂怒神兽,0,0,[0|0|0],20381800,-1,0.7,0,0,500,404100,0,0,18930,-1,-1,-1,0,0,0,2,0,50,-1,-1,-1,1,0,0,1,1,1,2,2,[0|0],0,8180,0,-1,0,0,0,0,[0|0|0|0],塔进行祭祀时，神兽于其中舞动──\n参考那狂怒舞动的模样制成的护符。\n\n能提升风暴的威力。\n\n据说神兽是来自上天的使者──\n它的愤怒会造成天空失序，\n而其中最显著的，就是风暴。
8190,亲爱的星尘,0,0,[0|0|0],20381900,-1,1.3,0,0,2000,403080,0,0,18931,-1,-1,-1,0,0,0,2,0,40,-1,-1,-1,1,0,0,1,1,1,2,2,[0|0],0,3070,0,-1,0,0,0,0,[0|0|0|0],以老者手指轻捏辉石的模样制成的护符。\n\n能最大幅缩短魔法、祷告的咏唱时间，\n但增加受到的损伤。\n\n尤弥尔疾呼：\n　对星星怀抱浪漫思维、对星尘满怀爱意──\n　能办到如此，就能成为顶尖魔法师。\n　你呀，要去学会爱。
8200,王受赐护符,0,0,[0|0|0],20382000,-1,3,0,0,1000,400083,0,0,18932,-1,-1,-1,0,0,0,2,0,10,-1,-1,-1,1,0,0,1,1,1,2,2,[0|0],0,8200,0,-1,0,0,0,0,[0|0|0|0],参考“初始艾尔登之王”葛孚雷\n受赐露滴时的模样制成的护符。\n\n能提升使用露滴圣杯瓶时的强韧度。\n\n王受赐露滴时气势非凡、充满魄力──\n据说在受赐的当下，他文风不动。\n黄金树之王，耸立于大地。
8210,铜绿圆碟,0,0,[0|0|0],19985,-1,4.5,0,0,500,405015,0,0,18933,-1,-1,-1,0,0,0,2,0,60,-1,-1,-1,1,0,0,1,1,1,2,2,[0|0],0,8210,0,-1,0,0,0,0,[0|0|0|0],以十分沉重的腐败金属──\n铜绿制成的圆碟。\n\n装备重量越重，防御力会越高。\n\n重量代表着强度，\n也是守护他人的力量。
8220,蕾菈娜的浮雕坠饰,0,0,[0|0|0],20382200,-1,0.8,0,0,500,404070,0,0,18935,-1,-1,-1,0,0,0,2,0,50,-1,-1,-1,1,0,0,1,1,1,2,2,[0|0],0,8220,0,-1,0,0,0,0,[0|0|0|0],“双月骑士”蕾菈娜──\n雕着她气质凛然的肖像护符。\n\n摆出架式，并维持一定时间后，\n能强化之后使出的攻击。\n\n侍奉蕾菈娜，一同离开故乡的人们，\n将超越忠诚的心思，刻划其中的物品。\n\n　请允许我们同行──\n　共乘您的月之舟，直到海角天涯。
8230,介错刀,0,0,[0|0|0],20382300,-1,1.3,0,0,500,406113,0,0,18936,-1,-1,-1,0,0,0,2,0,70,-1,-1,-1,1,0,0,1,1,1,2,2,[0|0],0,8230,0,-1,0,0,0,0,[0|0|0|0],刀身窄短、沾满血液的短刀。\n已经不能作为武器使用。\n\n能提升在使出致命一击后的攻击力。\n\n角人们让受苦的族人解脱用的物品。\n夺走多条性命后，刀锋已有缺损，\n也带有一丝邪气。
8240,熔炉全护符,0,0,[0|0|0],20382400,-1,1.9,0,0,2000,405100,0,0,18939,-1,-1,-1,0,0,0,2,0,60,-1,-1,-1,1,0,0,1,1,1,2,2,[0|0],0,4060,0,-1,20382401,20382402,20382403,20382404,[0|0|0|0],揉合熔炉百相，所有特征的巨型块状物。\n\n能减少致命一击、头部射击造成的损伤，\n与强化翻滚、后跃的闪避能力，\n但增加受到的损伤。\n\n据说是源自巨人身体的物品。\n在塔的神话中，此物被称为“熔炉之母”。
204000,,0,0,[0|0|0],20511070,-1,0.3,0,0,100,999999,0,0,0,-1,-1,-1,0,0,0,2,0,255,-1,-1,-1,1,0,0,1,1,1,2,2,[0|0],0,1000,0,-1,0,0,0,0,[0|0|0|0],
999999999,,1,0,[0|0|0],361100,-1,0.8,0,0,100,9999999,0,0,18880,-1,-1,-1,0,0,0,2,0,255,-1,-1,-1,1,0,0,1,0,1,2,1,[0|0],0,6100,0,-1,0,0,0,0,[0|0|0|0],
